Workbook

Sheet Project Summary
B2: Banking Dataset Analysis & Deliverables Summary
B4: 1. Data Cleaning & Preparation Log
B13: 2. Aggregation Functions Results
B14: Metric / Analytical Requirement | C14: Applied Excel Formula | D14: Result
B15: Transactions Count Above $3,000 | C15: "=COUNTIF(Bank_Transactions!E:E, ">3000")" | D15: =COUNTIF(Bank_Transactions!E:E, ">3000") -> 98
B16: Total Amount for "Savings" Accounts | C16: "=SUMIF(Bank_Transactions!D:D, "Savings", Bank_Transactions!E:E)" | D16: =SUMIF(Bank_Transactions!D:D,Bank_Transactions!D3,Bank_Transactions!E:E) -> 215314
B17: Total Amount for "Current" Accounts in 2021 | C17: =SUMIFS(Bank_Transactions!E:E, Bank_Transactions!D:D, "Current", Bank_Transactions!H:H, 2021) | D17: =SUMIFS(Bank_Transactions!E:E,Bank_Transactions!D:D,Bank_Transactions!D2,Bank_Transactions!H:H,Bank_Transactions!H4) -> 37544
B19: 3. Overall Portfolio Statistics
B20: Total Transaction Volume | C20: =SUM(Bank_Transactions!E:E) -> 599303
B21: Average Transaction Amount | C21: =AVERAGE(Bank_Transactions!E:E) -> 2507.5439
B22: Max Transaction Value | C22: =MAX(Bank_Transactions!E:E) -> 4993
B23: Min Transaction Value | C23: =MIN(Bank_Transactions!E:E) -> 106
B24: Transaction Spread (Range) | C24: =MAX(Bank_Transactions!E:E)-MIN(Bank_Transactions!E:E) -> 4887

Sheet Pivot Table
A1: Row Labels | B1: Sum of Amount | F1: Row Labels | G1: Sum of Amount
A2: current | B2: 200904 | F2: C001 | G2: 79029
A3: Salary | B3: 183085 | F3: C003 | G3: 74577 | K3: Row Labels | L3: Count of CustomerID
A4: Saving | B4: 215314 | F4: C004 | G4: 64303 | K4: Amman Main | L4: 107
A5: Grand Total | B5: 599303 | F5: C007 | G5: 72541 | K5: Aqaba | L5: 27
F6: C010 | G6: 79821 | K6: Irbid | L6: 53
F7: Grand Total | G7: 370271 | K7: Zarqa | L7: 52
K8: Grand Total | L8: 239

Sheet Pivot Chart

Sheet Bank_Transactions
A1: TransactionID | B1: CustomerID | C1: CustomerName | D1: AccountType | E1: Amount | F1: TransactionDate | G1: Day | H1: Year | I1: Month | J1: Branch | K1: TransactionType | L1: Value Category
A2: 10019 | B2: C001 | C2: Ahmed Ali | D2: Current | E2: 3512 | F2: 44983 | G2: =DAY(F2) -> 26 | H2: =YEAR(F2) -> 2023 | I2: =TEXT(F2,"mmm") -> Feb | J2: =_xlfn.XLOOKUP(B2,Branch_Summary!A:A,Branch_Summary!B:B,"Not Found",0) -> Zarqa | K2: =_xlfn.XLOOKUP(B2,Branch_Summary!A:A,Branch_Summary!C:C,"Not Found",0) -> Withdrawal | L2: =IF(E2>4000,"High Value","Low Value") -> Low Value
A3: 10024 | B3: C001 | C3: Ahmed Ali | D3: Saving | E3: 4097 | F3: 44099 | G3: =DAY(F3) -> 25 | H3: =YEAR(F3) -> 2020 | I3: =TEXT(F3,"mmm") -> Sep | J3: =_xlfn.XLOOKUP(B3,Branch_Summary!A:A,Branch_Summary!B:B,"Not Found",0) -> Zarqa | K3: =_xlfn.XLOOKUP(B3,Branch_Summary!A:A,Branch_Summary!C:C,"Not Found",0) -> Withdrawal | L3: =IF(E3>4000,"High Value","Low Value") -> High Value | N3: Sum_Amount | O3: =SUM(E2:E240) -> 599303
A4: 10027 | B4: C001 | C4: Ahmed Ali | D4: Saving | E4: 2158 | F4: 44433 | G4: =DAY(F4) -> 25 | H4: =YEAR(F4) -> 2021 | I4: =TEXT(F4,"mmm") -> Aug | J4: =_xlfn.XLOOKUP(B4,Branch_Summary!A:A,Branch_Summary!B:B,"Not Found",0) -> Zarqa | K4: =_xlfn.XLOOKUP(B4,Branch_Summary!A:A,Branch_Summary!C:C,"Not Found",0) -> Withdrawal | L4: =IF(E4>4000,"High Value","Low Value") -> Low Value | N4: Averag_Amount | O4: =AVERAGE(E:E) -> 2507.5439
A5: 10040 | B5: C001 | C5: Ahmed Ali | D5: Current | E5: 4557 | F5: 44141 | G5: =DAY(F5) -> 6 | H5: =YEAR(F5) -> 2020 | I5: =TEXT(F5,"mmm") -> Nov | J5: =_xlfn.XLOOKUP(B5,Branch_Summary!A:A,Branch_Summary!B:B,"Not Found",0) -> Zarqa | K5: =_xlfn.XLOOKUP(B5,Branch_Summary!A:A,Branch_Summary!C:C,"Not Found",0) -> Withdrawal | L5: =IF(E5>4000,"High Value","Low Value") -> High Value | N5: Max_Amount | O5: =MAX(E:E) -> 4993
A6: 10048 | B6: C001 | C6: Ahmed Ali | D6: Salary | E6: 4111 | F6: 43633 | G6: =DAY(F6) -> 17 | H6: =YEAR(F6) -> 2019 | I6: =TEXT(F6,"mmm") -> Jun | J6: =_xlfn.XLOOKUP(B6,Branch_Summary!A:A,Branch_Summary!B:B,"Not Found",0) -> Zarqa | K6: =_xlfn.XLOOKUP(B6,Branch_Summary!A:A,Branch_Summary!C:C,"Not Found",0) -> Withdrawal | L6: =IF(E6>4000,"High Value","Low Value") -> High Value | N6: Min_Amount | O6: =MIN(E:E) -> 106
A7: 10069 | B7: C001 | C7: Ahmed Ali | D7: Current | E7: 1895 | F7: 44590 | G7: =DAY(F7) -> 29 | H7: =YEAR(F7) -> 2022 | I7: =TEXT(F7,"mmm") -> Jan | J7: =_xlfn.XLOOKUP(B7,Branch_Summary!A:A,Branch_Summary!B:B,"Not Found",0) -> Zarqa | K7: =_xlfn.XLOOKUP(B7,Branch_Summary!A:A,Branch_Summary!C:C,"Not Found",0) -> Withdrawal | L7: =IF(E7>4000,"High Value","Low Value") -> Low Value | N7: Count_Amount | O7: =COUNT(E:E) -> 239
A8: 10073 | B8: C001 | C8: Ahmed Ali | D8: Saving | E8: 3024 | F8: 45202 | G8: =DAY(F8) -> 3 | H8: =YEAR(F8) -> 2023 | I8: =TEXT(F8,"mmm") -> Oct | J8: =_xlfn.XLOOKUP(B8,Branch_Summary!A:A,Branch_Summary!B:B,"Not Found",0) -> Zarqa | K8: =_xlfn.XLOOKUP(B8,Branch_Summary!A:A,Branch_Summary!C:C,"Not Found",0) -> Withdrawal | L8: =IF(E8>4000,"High Value","Low Value") -> Low Value
A9: 10109 | B9: C001 | C9: Ahmed Ali | D9: Salary | E9: 4229 | F9: 43876 | G9: =DAY(F9) -> 15 | H9: =YEAR(F9) -> 2020 | I9: =TEXT(F9,"mmm") -> Feb | J9: =_xlfn.XLOOKUP(B9,Branch_Summary!A:A,Branch_Summary!B:B,"Not Found",0) -> Zarqa | K9: =_xlfn.XLOOKUP(B9,Branch_Summary!A:A,Branch_Summary!C:C,"Not Found",0) -> Withdrawal | L9: =IF(E9>4000,"High Value","Low Value") -> High Value
A10: 10111 | B10: C001 | C10: Ahmed Ali | D10: Saving | E10: 4130 | F10: 44663 | G10: =DAY(F10) -> 12 | H10: =YEAR(F10) -> 2022 | I10: =TEXT(F10,"mmm") -> Apr | J10: =_xlfn.XLOOKUP(B10,Branch_Summary!A:A,Branch_Summary!B:B,"Not Found",0) -> Zarqa | K10: =_xlfn.XLOOKUP(B10,Branch_Summary!A:A,Branch_Summary!C:C,"Not Found",0) -> Withdrawal | L10: =IF(E10>4000,"High Value","Low Value") -> High Value
A11: 10124 | B11: C001 | C11: Ahmed Ali | D11: Current | E11: 1160 | F11: 43487 | G11: =DAY(F11) -> 22 | H11: =YEAR(F11) -> 2019 | I11: =TEXT(F11,"mmm") -> Jan | J11: =_xlfn.XLOOKUP(B11,Branch_Summary!A:A,Branch_Summary!B:B,"Not Found",0) -> Zarqa | K11: =_xlfn.XLOOKUP(B11,Branch_Summary!A:A,Branch_Summary!C:C,"Not Found",0) -> Withdrawal | L11: =IF(E11>4000,"High Value","Low Value") -> Low Value
A12: 10126 | B12: C001 | C12: Ahmed Ali | D12: Current | E12: 1658 | F12: 43945 | G12: =DAY(F12) -> 24 | H12: =YEAR(F12) -> 2020 | I12: =TEXT(F12,"mmm") -> Apr | J12: =_xlfn.XLOOKUP(B12,Branch_Summary!A:A,Branch_Summary!B:B,"Not Found",0) -> Zarqa | K12: =_xlfn.XLOOKUP(B12,Branch_Summary!A:A,Branch_Summary!C:C,"Not Found",0) -> Withdrawal | L12: =IF(E12>4000,"High Value","Low Value") -> Low Value
A13: 10134 | B13: C001 | C13: Ahmed Ali | D13: Current | E13: 444 | F13: 43622 | G13: =DAY(F13) -> 6 | H13: =YEAR(F13) -> 2019 | I13: =TEXT(F13,"mmm") -> Jun | J13: =_xlfn.XLOOKUP(B13,Branch_Summary!A:A,Branch_Summary!B:B,"Not Found",0) -> Zarqa | K13: =_xlfn.XLOOKUP(B13,Branch_Summary!A:A,Branch_Summary!C:C,"Not Found",0) -> Withdrawal | L13: =IF(E13>4000,"High Value","Low Value") -> Low Value
A14: 10138 | B14: C001 | C14: Ahmed Ali | D14: Saving | E14: 215 | F14: 45223 | G14: =DAY(F14) -> 24 | H14: =YEAR(F14) -> 2023 | I14: =TEXT(F14,"mmm") -> Oct | J14: =_xlfn.XLOOKUP(B14,Branch_Summary!A:A,Branch_Summary!B:B,"Not Found",0) -> Zarqa | K14: =_xlfn.XLOOKUP(B14,Branch_Summary!A:A,Branch_Summary!C:C,"Not Found",0) -> Withdrawal | L14: =IF(E14>4000,"High Value","Low Value") -> Low Value
A15: 10144 | B15: C001 | C15: Ahmed Ali | D15: Salary | E15: 3398 | F15: 44114 | G15: =DAY(F15) -> 10 | H15: =YEAR(F15) -> 2020 | I15: =TEXT(F15,"mmm") -> Oct | J15: =_xlfn.XLOOKUP(B15,Branch_Summary!A:A,Branch_Summary!B:B,"Not Found",0) -> Zarqa | K15: =_xlfn.XLOOKUP(B15,Branch_Summary!A:A,Branch_Summary!C:C,"Not Found",0) -> Withdrawal | L15: =IF(E15>4000,"High Value","Low Value") -> Low Value
A16: 10157 | B16: C001 | C16: Ahmed Ali | D16: Current | E16: 2332 | F16: 45181 | G16: =DAY(F16) -> 12 | H16: =YEAR(F16) -> 2023 | I16: =TEXT(F16,"mmm") -> Sep | J16: =_xlfn.XLOOKUP(B16,Branch_Summary!A:A,Branch_Summary!B:B,"Not Found",0) -> Zarqa | K16: =_xlfn.XLOOKUP(B16,Branch_Summary!A:A,Branch_Summary!C:C,"Not Found",0) -> Withdrawal | L16: =IF(E16>4000,"High Value","Low Value") -> Low Value
A17: 10160 | B17: C001 | C17: Ahmed Ali | D17: Salary | E17: 3417 | F17: 43672 | G17: =DAY(F17) -> 26 | H17: =YEAR(F17) -> 2019 | I17: =TEXT(F17,"mmm") -> Jul | J17: =_xlfn.XLOOKUP(B17,Branch_Summary!A:A,Branch_Summary!B:B,"Not Found",0) -> Zarqa | K17: =_xlfn.XLOOKUP(B17,Branch_Summary!A:A,Branch_Summary!C:C,"Not Found",0) -> Withdrawal | L17: =IF(E17>4000,"High Value","Low Value") -> Low Value
A18: 10167 | B18: C001 | C18: Ahmed Ali | D18: Saving | E18: 2730 | F18: 44382 | G18: =DAY(F18) -> 5 | H18: =YEAR(F18) -> 2021 | I18: =TEXT(F18,"mmm") -> Jul | J18: =_xlfn.XLOOKUP(B18,Branch_Summary!A:A,Branch_Summary!B:B,"Not Found",0) -> Zarqa | K18: =_xlfn.XLOOKUP(B18,Branch_Summary!A:A,Branch_Summary!C:C,"Not Found",0) -> Withdrawal | L18: =IF(E18>4000,"High Value","Low Value") -> Low Value
A19: 10171 | B19: C001 | C19: Ahmed Ali | D19: Salary | E19: 891 | F19: 45511 | G19: =DAY(F19) -> 7 | H19: =YEAR(F19) -> 2024 | I19: =TEXT(F19,"mmm") -> Aug | J19: =_xlfn.XLOOKUP(B19,Branch_Summary!A:A,Branch_Summary!B:B,"Not Found",0) -> Zarqa | K19: =_xlfn.XLOOKUP(B19,Branch_Summary!A:A,Branch_Summary!C:C,"Not Found",0) -> Withdrawal | L19: =IF(E19>4000,"High Value","Low Value") -> Low Value
... A240: 10248 | B240: C010 | C240: Hassan Noor | D240: Salary | E240: 1382 | F240: 45635 | G240: =DAY(F240) -> 9 | H240: =YEAR(F240) -> 2024 | I240: =TEXT(F240,"mmm") -> Dec | J240: =_xlfn.XLOOKUP(B240,Branch_Summary!A:A,Branch_Summary!B:B,"Not Found",0) -> Aqaba | K240: =_xlfn.XLOOKUP(B240,Branch_Summary!A:A,Branch_Summary!C:C,"Not Found",0) -> Deposit | L240: =IF(E240>4000,"High Value","Low Value") -> Low Value

Sheet Branch_Summary
A1: CustomerID | B1: Branch | C1: TransactionType
A2: C001 | B2: Zarqa | C2: Withdrawal
A3: C001 | B3: Amman Main | C3: Withdrawal
A4: C001 | B4: Zarqa | C4: Withdrawal
A5: C001 | B5: Irbid | C5: Deposit
A6: C001 | B6: Aqaba | C6: Withdrawal
A7: C001 | B7: Zarqa | C7: Deposit
A8: C001 | B8: Amman Main | C8: Deposit
A9: C001 | B9: Irbid | C9: Withdrawal
A10: C001 | B10: Irbid | C10: Deposit
A11: C001 | B11: Aqaba | C11: Deposit
A12: C001 | B12: Irbid | C12: Withdrawal
... A251: C010 | B251: Aqaba | C251: Deposit
